stanisław.wójcik@wp.pl,Stanisław,Wójcik,Rock
stanisław.wójcik@wp.pl,Stanisław,Wójcik,Rock
stanisław.wójcik@wp.pl,Stanisław,Wójcik,Rock
stanisław.wójcik@wp.pl,Stanisław,Wójcik,Rock
stanisław.wójcik@wp.pl,Stanisław,Wójcik,Rock
stanisław.wójcik@wp.pl,Stanisław,Wójcik,Rock
stanisław.wójcik@wp.pl,Stanisław,Wójcik,Rock
stanisław.wójcik@wp.pl,Stanisław,Wójcik,Rock
stanisław.wójcik@wp.pl,Stanisław,Wójcik,Rock
stanisław.wójcik@wp.pl,Stanisław,Wójcik,Rock
stanisław.wójcik@wp.pl,Stanisław,Wójcik,Rock
stanisław.wójcik@wp.pl,Stanisław,Wójcik,Rock
stanisław.wójcik@wp.pl,Stanisław,Wójcik,Rock
stanisław.wójcik@wp.pl,Stanisław,Wójcik,Rock
stanisław.wójcik@wp.pl,Stanisław,Wójcik,Rock
stanisław.wójcik@wp.pl,Stanisław,Wójcik,Rock
stanisław.wójcik@wp.pl,Stanisław,Wójcik,Rock
stanisław.wójcik@wp.pl,Stanisław,Wójcik,Rock
stanisław.wójcik@wp.pl,Stanisław,Wójcik,Rock
stanisław.wójcik@wp.pl,Stanisław,Wójcik,Rock
stanisław.wójcik@wp.pl,Stanisław,Wójcik,Rock
stanisław.wójcik@wp.pl,Stanisław,Wójcik,Rock
steve.murray@yahoo.uk,Steve,Murray,Rock
steve.murray@yahoo.uk,Steve,Murray,Rock
steve.murray@yahoo.uk,Steve,Murray,Rock
steve.murray@yahoo.uk,Steve,Murray,Rock
steve.murray@yahoo.uk,Steve,Murray,Rock
steve.murray@yahoo.uk,Steve,Murray,Rock
steve.murray@yahoo.uk,Steve,Murray,Rock
steve.murray@yahoo.uk,Steve,Murray,Rock
steve.murray@yahoo.uk,Steve,Murray,Rock
steve.murray@yahoo.uk,Steve,Murray,Rock
steve.murray@yahoo.uk,Steve,Murray,Rock
